label,message
ham,Go until jurong point crazy.. Available only in bugis n great world la e buffet... Cine there got amore wat...
ham,Ok lar... Joking wif u oni...
spam,Free entry in 2 a wkly comp to win FA Cup final tkts 21st May 2005. Text FA to 87121 to receive entry question(std txt rate)T&C's apply 08452810075over18's
ham,U dun say so early hor... U c already then say...
ham,Nah I don't think he goes to usf he lives around here though
spam,FreeMsg Hey there darling it's been 3 week's now and no word back! I'd like some fun you up for it still? Tb ok! XxX std chgs to send £1.50 to rcv
ham,Even my brother is not like to speak with me. They treat me like aids patent.
ham,As per your request Melle Melle has been set as your callertune for all Conditions
spam,WINNER!! As a valued network customer you have been selected to receivea £900 prize reward! To claim call 09061701461. Claim code KL341. Valid 12 hours only.
spam,Had your mobile 11 months or more? U R entitled to Update to the latest colour mobiles with no extra cost mobile update FREE txt Update to No 81151
ham,"I'm gonna be home soon and i don't want to talk about this stuff anymore tonight, k? I've cried enough today."
spam,SIX chances to win CASH! From 100 to 20000 pounds txt> CSH11 and send to 87575. Cost 150p/day 6days 16+ TssC apply Reply HL 4 info
spam,URGENT! You have won a 1 week free membership in our £100000 Prize Jackpot! Txt the word: claim to No: 81010 T&C www.dbuk.net LCCLTD POBOX 4403LDNW1A7RW18
ham,I've been searching for the right words to thank you for this breather. I promise i wont take your help for granted and will fulfil my promise. You have been wonderful and a blessing at all times.
ham,I TORTURE you? That's what you think? Okay fine...
spam,Thanks for your subscription to Ringtone UK your mobile will be charged £5/month Please confirm by replying YES or NO. If you reply NO you will not be charged
ham,Sorry I'll call later in meeting
ham,Wah lucky man... Then can buy 4D also haha...
ham,"Pity, * was in mood for that. So...any other suggestions?"
spam,You have 1 new message. Please call 08715205273
ham,The guy did some bitching but I acted like i didn't hear him
ham,Ok I'll text you when I get there
spam,Congratulations ur awarded 500 of CD vouchers and 900 prize Guaranteed MATCH 11Odds send STOP to 87239 to opt out
ham,"Did you catch the bus? Are you on the list? I know, better answer."
ham,"I'm back and we're packing the car now, I'll let you know if there's room"
ham,Ahhh. Work. I vaguely remember that! What does it feel like? Lol
ham,Wait and then send me also the wallpaper
spam,Do you ever wonder why cheaters cheat? Do you ever wonder why liars lie? txt reply TRUTH or DARE std network rates apply per msg
ham,I think he went to play football in school
ham,Crazy thing is I have no idea when I sent this
spam,07732584351 - Rodger Burns - msg is LandLine Please Call
ham,Going to chinatown now... U going?
ham,"Oh k...i'm watching here:)"
ham,Hey what's up
spam,Will u meet ur dream partner soon? Find out free! 0800 740 8265
ham,Have a good day babe... I love you so much sweetness...
ham,No I was trying it all weekend
spam,"Todays Voda numbers ending 7548 are selected to receive a £350 award. If you have a match please call 08712300220, quoting claim code 7684 standard rates app"
ham,So there's a ring that comes with the guys not the girls
ham,Thanx 4 the msg that u sent its really special
ham,Oh my god I've found the dogs number! I'll text you it
ham,I'll be back in 15 min from the gym
ham,Hey! I got ur msg. Had to go to work early in the morning. How's everything?
ham,Did you hear about the new Disneyland? It's in Iraq
ham,I probably won't eat another meal today. I like to enjoy the food I eat
ham,Sorry about that. Yes she's very popular!
spam,"Urgent! call 09066612661 from landline. Your complimentary 4-star Tenerife Holiday or £10000 cash needs your URGENT collection. 10p per min SAE NM PO Box 11"
ham,Anything lor...
ham,Where did you learn to kiss THAT way? No complaints!
ham,"That's cool. I'm watching TV"
ham,Remember that night we somehow ended up in a room with a game of truth or dare? It was a fun night
ham,Ok I meet the professor just now. He said doing masters here after bsc is not on a professional degree. He suggested I should work first
spam,"Congrats! 1 year special cinema pass for 2 is yours. #702. Voucher: CMPX308. To collect SAE to: MREX DG"
ham,Your gonna have to pick up a can of tuna otherwise I'm making chicken rice for dinner
ham,Your grammar is shockingly poor
ham,"Pls go ahead with watts. I just wanted to see how my little guy responds to it"
ham,Did I forget to tell you? I want you to pay for my trip.
ham,I'm still looking for a car to buy. I wanna get a Honda accord coupe for $6000 budget
ham,Yep by the pretty sculpture
ham,Yes princess. Are you going to make me beg? Lol
ham,Welp apparently he retired
ham,Sorry I didn't call you because I was at a meeting
ham,Ha ha ha good joke. Did you get the chocolate I sent?
ham,Tell where you reached or you are reaching at what time
ham,Where you at bro? I want some food
spam,"You have been selected to stay in one of 250 top British hotels for free. Text HOTEL to 80153 to claim. TCs apply. 150ppm 18+"
ham,K I'll be there in less than 5 min
spam,"Congratulations! You've been selected for a cash prize of $5000! Click www.claim-prize.com to claim NOW before it expires! Reply STOP to cancel."
ham,Are we still meeting for lunch tomorrow at the cafe?
ham,Hey! Just wanted to check if you're coming to the party tonight.
spam,"ALERT! Your bank account has been compromised. Call 1-800-555-0199 immediately to verify your identity and secure your account."
ham,I'll be late by about 10 minutes. Traffic is terrible today.
ham,Can you pick up some milk on your way home?
spam,"You have been chosen to receive a FREE iPhone 15! Visit www.free-phones-now.net and enter code WINNER2024 to claim your prize today!"
ham,The professor said the exam is postponed to next Monday.
ham,Mom said dinner will be ready at 7. Are you coming?
spam,"Make money fast! Work from home and earn $5000/week! No experience needed! Sign up at www.easy-money-now.com"
ham,I love this new restaurant. We should come here again sometime.
ham,Please bring my notebook when you come to class tomorrow.
spam,"EXCLUSIVE DEAL! Buy one get three free on all products! Limited time offer! Call 0800-FREE-STUFF now!"
ham,What time does the movie start? I think it's at 7:30.
ham,Thanks for helping me move yesterday. I really appreciate it!
spam,"Your mobile number has won £10000 in the UK lottery! Send your details to claim@lottery-uk.com to receive your winnings!"
ham,Can you send me the notes from today's lecture?
ham,Happy birthday! Hope you have an amazing day!
spam,"WARNING: Your computer is infected with 47 viruses! Download our antivirus now at www.fix-pc-now.com or risk losing all your data!"
ham,I just finished the assignment. It was harder than I expected.
ham,Do you want to go hiking this weekend? The weather looks perfect.
spam,"Get UNLIMITED free ringtones now! Text TONE to 81234. Premium rate £3/week. To unsubscribe text STOP."
ham,The bus is running late again. I might miss the first class.
ham,Let me know when you're free to discuss the project.
spam,"Act NOW! Secret investment opportunity! Double your money in 30 days guaranteed! Email invest@quick-returns.com"
ham,I left my umbrella at your place. Can I pick it up tomorrow?
ham,Great game last night! Did you see that last minute goal?
spam,"Dear customer your account will be suspended unless you verify your information at www.bank-verify-now.com within 24 hours."
ham,Sorry I missed your call. I was in the shower. What's up?
ham,The library closes at 9 today. We should go study there.
spam,"You are a WINNER! You have been selected among millions to receive a luxury cruise trip worth $15000! Call 1-888-555-0142 to book!"
ham,I found that book you were looking for. It was on sale too!
ham,Are you going to the gym tomorrow morning? I need a workout buddy.
spam,"FINAL NOTICE: Your car warranty is about to expire! Call us at 1-800-555-0177 to renew your extended warranty before it's too late!"
ham,The wifi password is sunshine123. Let me know if you can connect.
ham,I made some cookies today. I'll save some for you!
spam,"Hot singles in your area want to meet you! Create a free profile at www.meet-singles-now.com and start dating tonight!"
ham,Can you give me a ride to the airport on Friday morning?
ham,Just got my test results back. I passed with flying colors!
spam,"Claim your FREE trial of weight loss miracle pills! Lose 30 pounds in 30 days! Order now at www.miracle-diet.com. No credit card needed!"
ham,The landlord said he'll fix the heating by Wednesday.
ham,What channel is the game on tonight? I can't find it.
ham,I'll send you the photos from the trip when I get home.
spam,"Congratulations! Your email has won $1000000 in the Microsoft lottery! Send your bank details to claim@ms-lottery.com to receive your prize!"
ham,Thanks for the birthday wishes! You're the best.
ham,I think I left my keys in the car. Can you check for me?
spam,"FREE FREE FREE! Enter our prize draw to win a brand new car! Text WIN to 85233 now! Ts and Cs at www.win-car.com"
ham,My phone battery is dying. I'll call you when I get home and charge it.
ham,Can we reschedule our meeting to Thursday? Something came up.
spam,"ATTENTION: You qualify for a government grant of $25000! Apply now at www.free-grant-money.com. No repayment required!"
ham,Just finished cooking dinner. Come over whenever you're ready!
ham,The train is delayed by 20 minutes. I'll keep you updated.
spam,"You've been pre-approved for a credit card with 0% APR! Apply now and get a $500 bonus! Visit www.easy-credit.com"
ham,I saw your mom at the store today. She looks great!
ham,Don't forget we have a dentist appointment at 3pm tomorrow.
ham,Want to grab coffee after class? I know a new place that just opened.
spam,"URGENT: Your package is being held at customs! Pay the $4.99 release fee at www.customs-release.com to receive your delivery!"
ham,I'm going to bed early tonight. Really tired from the long day.
ham,Can you help me practice for the presentation tomorrow?
spam,"You have unclaimed PPI of £3749! We can help you claim it back. Reply PPI to this message or call 0800-PPI-CLAIM now!"
ham,It's raining pretty hard outside. You might want to bring an umbrella.
ham,I'm thinking about adopting a dog. Want to come to the shelter with me?
ham,The lecture got cancelled today so I'm free all afternoon.
spam,"Limited time offer! Subscribe to our premium service for just £1/week and get unlimited movies music and games! Text PREMIUM to 77077"
ham,Just saw the cutest puppy on my walk. Made my whole day!
ham,How did your job interview go? I've been thinking about you all day.
ham,My car broke down on the highway. Can you come pick me up?
ham,Are you still awake? I need to talk to someone about this crazy day I had.
ham,The concert was amazing! You would have loved it. They played all their hits.
spam,"CASH PRIZE WINNER! Dial 09058099801 now from any phone to claim your £1000 CASH reward. Calls cost 200p/min. You must be over 18."
spam,"Your 2005 account statement for T-Mobile shows 800 bonus credits! Call 09058094565 to speak to a live operator. Claim before midnight."
spam,"WIN a luxury yacht trip! Text BOAT to 87121. Msg&data rates apply. Must be 18+. Help? Call 08452810075"
spam,"Dear Winner, you've won a brand new BMW! Click here to claim: www.bm-winner.com. Act now to receive your free vehicle."
spam,"SECRET ADMIRER! Someone in your area has a crush on you! Find out who by calling 0907123456 now! Only £1.50/min."
spam,"You could be entitled to £5000 in compensation for mis-sold insurance. Reply YES to this message to find out more. No fees. No risk."
spam,"PRIZE ALERT! You've been chosen to win $10000! To collect text CLAIM to 44444. Msg&data rates may apply."
spam,"Tired of your job? Earn $300/day from home! Visit www.online-income-secret.com. No experience necessary. Start earning TODAY!"
spam,"Your Netflix account has been suspended due to a billing issue. Update your payment now at www.netflix-verify.info to avoid losing access."
spam,"FREE entry in a weekly competition to win an iPad! Just text IPAD to 80153. Standard network rates apply. Reply STOP to cancel."
spam,"Dear customer: You have won a vacation to the Bahamas! Claim it now at www.bahamas-free-trip.com before the offer expires!"
spam,"Hello! You have been selected for an exclusive Amazon gift card worth $1000! Visit www.amazon-giftcard-claim.com to receive yours."
spam,"We noticed unusual activity on your PayPal account. Verify your identity immediately at www.paypal-security-check.com to prevent lockout."
spam,"CONGRATULATIONS! You are our 1000th visitor today! Click NOW to claim your FREE Samsung Galaxy phone: www.free-galaxy-phone.com"
spam,"Your social security number has been compromised! Call 1-855-555-0112 immediately to protect your identity. This is an URGENT matter."
spam,"Exclusive offer for you! Get 90% off designer handbags at www.cheap-luxury-bags.com. Limited stock available. Order NOW!"
spam,"Reply WIN to 12345 for a chance to win a trip to Hawaii! All expenses paid! Text now! Terms apply."
ham,Hey can you call me when you get a chance? Need to ask you something quick.
ham,Just saw the funniest meme. I'll forward it to you.
ham,Thanks for dinner last night! The pasta was incredible.
ham,Running a few minutes late. Save me a seat!
ham,Did you finish reading that book I lent you?
ham,I'll pick you up at 6. Don't forget to bring your jacket.
ham,Sorry for the late reply. I was swamped at work all day.
ham,Can you believe it's already September? Time flies!
ham,Just landed safely. Will text you when I'm at the hotel.
ham,What should we get dad for his birthday? Any ideas?
ham,The kids had so much fun at the park today. They're exhausted now!
ham,Reminder: team meeting at 3pm in conference room B.
ham,I accidentally left my wallet at your place. Can I swing by later?
ham,Great news! I got the promotion at work!
ham,How was your weekend? We should catch up soon.
ham,"I'm at the grocery store. Do we need anything besides bread and eggs?"
ham,Just finished my morning run. Beautiful weather today!
ham,Can you water my plants while I'm on vacation next week?
ham,The new season of that show dropped. Want to watch it tonight?
ham,I tried that recipe you sent me. It turned out amazing!
ham,"Don't worry about it, things happen. Let's talk tomorrow."
ham,What time is your flight? I want to make sure I'm there to pick you up.
ham,We should plan a camping trip soon. The fall colors are beautiful right now.
ham,I got your voicemail. Yes that works for me! See you Saturday.
ham,Studying for finals is killing me. Coffee run later?
ham,The repair shop said the car will be ready by Thursday.
ham,My neighbor's cat got loose again. Third time this month!
ham,Just wanted to say I'm proud of you. You're doing great!
ham,"I'm craving pizza. Want to order from that place on Main Street?"
ham,"Heading to the store now. Last chance, do you need anything?"
ham,Just dropped off the package at the post office. Should arrive by Friday.
ham,That sunset was gorgeous! I took so many photos.
ham,Are you feeling better today? Let me know if you need anything.
ham,I finally cleaned out the garage. Found your old baseball glove!
ham,Traffic is absolutely insane today. Might be 30 minutes late.
ham,"Movie was pretty good! Not as good as the first one, though."
ham,Don't forget to RSVP for Sarah's wedding by this Friday!
ham,I just adopted a kitten! Her name is Luna. She's adorable.
ham,Let's do a video call tonight. I miss seeing your face!
ham,The meeting got pushed to 4pm. Does that still work for you?
ham,I made reservations for 7:30 at that Italian place.
ham,"Happy anniversary! Can't believe it's been 5 years already."
ham,The plumber is coming between 9 and 11 tomorrow morning.
ham,Your package arrived! I left it inside the front door for you.
ham,I forgot my lunch at home. Can you bring it to the office?
ham,"Just got back from the doctor. Everything looks good, thankfully!"
ham,We're throwing a surprise party for Mike on Saturday. Keep it secret!
ham,The roof is leaking again. I called the repair company.
ham,I'll be studying at the library until about 8 tonight.
ham,Can you remind me to call the insurance company tomorrow?
ham,Just heard our favorite song on the radio and thought of you!
